ME.JPG,Area_A,2026-03-25 00:32:59
ME.JPG,Area_A,2026-03-25 00:33:01
ME.JPG,Area_A,2026-03-25 00:33:02
ME.JPG,Area_A,2026-03-25 00:33:04
ME.JPG,Area_A,2026-03-25 00:33:05
ME.JPG,Area_A,2026-03-25 00:33:07
ME.JPG,Area_A,2026-03-25 00:33:08
ME.JPG,Area_A,2026-03-25 00:33:10
ME.JPG,Area_A,2026-03-25 00:33:11
ME.JPG,Area_A,2026-03-25 00:33:13
ME.JPG,Area_A,2026-03-25 00:33:14
ME.JPG,Area_A,2026-03-25 00:33:15
ME.JPG,Area_A,2026-03-25 00:33:17
ME.JPG,Area_A,2026-03-25 00:54:16
ME.JPG,Area_A,2026-03-25 00:54:18
ME.JPG,Area_A,2026-03-25 00:54:19
ME.JPG,Area_A,2026-03-25 00:54:20
ME.JPG,Area_A,2026-03-25 00:54:22
ME.JPG,Area_A,2026-03-25 00:54:23
ME.JPG,Area_A,2026-03-25 00:54:25
ME.JPG,Area_A,2026-03-25 00:54:26
ME.JPG,Area_A,2026-03-25 00:54:28
ME.JPG,Area_A,2026-03-25 00:54:29
ME.JPG,Area_A,2026-03-25 01:07:13
UNKNOWN,Area_A,2026-03-25 01:07:14
ME.JPG,Area_A,2026-03-25 01:07:16
ME.JPG,Area_A,2026-03-25 01:07:17
ME.JPG,Area_A,2026-03-25 01:07:19
ME.JPG,Area_A,2026-03-25 01:07:20
ME.JPG,Area_A,2026-03-25 01:07:21
DIPU.JPG,Area_A,2026-03-25 01:29:55
DIPU.JPG,Area_A,2026-03-25 01:29:57
DIPU.JPG,Area_A,2026-03-25 01:29:58
DIPU.JPG,Area_A,2026-03-25 01:30:00
DIPU.JPG,Area_A,2026-03-25 01:30:01
DIPU.JPG,Area_A,2026-03-25 01:30:02
DIPU.JPG,Area_A,2026-03-25 01:30:04
DIPU.JPG,Area_A,2026-03-25 01:30:05
DIPU.JPG,Area_A,2026-03-25 01:30:07
DIPU.JPG,Area_A,2026-03-25 01:30:08
DIPU.JPG,Area_A,2026-03-25 01:30:09
DIPU.JPG,Area_A,2026-03-25 01:30:11
